num_rooms,num_people,housearea,is_ac,is_tv,is_flat, ave_monthly_income ,num_children,is_urban, amount_paid 
3,3,742.57,1,1,1," $9,675.93 ",2,0, $560.48 
1,5,952.99,0,1,0," $35,064.79 ",1,1, $633.28 
3,1,761.44,1,1,1," $22,292.44 ",0,0, $511.88 
0,5,861.32,1,1,0," $12,139.08 ",0,0, $332.99 
1,8,731.61,0,1,0," $17,230.10 ",2,1, $658.29 
0,5,837.24,0,1,1," $24,661.81 ",2,1, $793.24 
4,5,679.04,0,1,0," $28,184.43 ",1,1, $570.38 
3,4,1044.65,0,0,1," $16,912.69 ",2,1, $585.41 
2,4,713.9,1,0,0," $26,058.28 ",0,1, $653.20 
1,6,734.43,0,0,0," $22,545.50 ",2,1, $606.02 
2,6,742.69,0,1,0," $15,670.76 ",0,0, $222.73 
1,6,924.04,1,1,0," $22,527.33 ",0,1, $606.18 
0,3,776.62,0,1,0," $32,341.30 ",0,1, $528.28 
2,4,990.59,0,1,1," $13,084.35 ",0,1, $622.38 
2,7,870.61,0,1,0," $31,430.75 ",1,1, $756.65 
1,5,747.02,0,1,0," $28,595.98 ",0,1, $471.13 
3,5,699.01,0,0,1," $44,997.00 ",3,0, $458.84 
2,8,932.84,1,1,0," $30,009.93 ",1,1, $818.13 
4,4,573.69,0,1,0," $32,902.39 ",1,0, $355.43 
3,1,901.33,0,1,1," $27,090.16 ",2,1, $707.97 
1,6,902.07,1,1,0," $11,306.32 ",1,0, $583.54 
3,4,686.59,0,1,1," $36,352.99 ",1,1, $579.66 
1,4,860.28,0,0,0," $7,792.07 ",0,1, $529.68 
1,7,859.83,0,1,1," $42,003.43 ",1,1, $763.91 
2,6,773.65,0,1,0," $30,764.16 ",2,1, $695.04 
2,7,808.93,0,1,1," $26,083.57 ",1,1, $605.61 
3,2,890.69,1,1,1," $17,349.88 ",4,1, $994.66 
1,1,765.32,0,1,1," $8,315.34 ",0,1, $535.70 
1,2,657.97,1,1,0," $28,148.91 ",1,1, $711.35 
2,7,816.77,0,1,1," $16,817.74 ",1,1, $703.41 
3,5,988.62,0,1,0," $30,021.55 ",3,1, $731.22 
1,4,733.55,0,1,1," $14,935.76 ",2,1, $746.10 
3,6,682.75,0,1,1," $14,898.26 ",1,1, $601.40 
0,9,1009.31,1,1,0," $26,697.92 ",2,0, $715.57 
2,7,764.79,1,1,1," $26,101.90 ",0,1, $782.14 
2,6,643.52,0,1,0," $5,829.41 ",1,1, $534.36 
2,5,554.38,0,0,1," $28,399.11 ",0,0, $312.57 
3,5,823.05,0,1,0," $32,656.32 ",0,1, $611.88 
1,4,640.25,0,1,0," $20,463.30 ",0,1, $552.35 
4,5,689.76,1,0,0," $26,291.15 ",0,0, $349.60 
2,5,813.69,0,1,1," $23,541.20 ",1,1, $612.60 
1,3,821.69,1,1,0," $16,745.65 ",1,1, $737.13 
3,3,664.68,1,0,1," $32,740.89 ",2,1, $873.67 
2,3,1054.58,1,1,1," $21,255.23 ",0,1, $696.32 
2,0,1042.81,0,0,1," $39,314.16 ",0,0, $238.90 
3,5,929.46,0,1,1," $16,106.32 ",1,1, $592.09 
1,4,673.08,1,0,1," $14,214.36 ",2,0, $658.07 
1,5,713.62,0,1,1," $36,298.72 ",1,1, $694.19 
2,5,704.72,1,1,1," $31,749.91 ",2,1, $926.22 
1,4,794.74,0,0,0," $6,364.43 ",1,1, $622.89 
2,4,829.78,1,1,1," $19,835.20 ",2,1," $1,010.94 "
1,4,953.19,1,1,1," $39,489.23 ",1,1, $815.61 
1,5,585.55,0,0,1," $20,797.91 ",3,0, $565.20 
5,6,633.97,1,0,1," $28,202.39 ",0,0, $447.53 
3,5,820.54,0,1,0," $22,586.51 ",0,1, $579.81 
3,3,750.39,0,1,0," $18,681.58 ",3,0, $564.85 
2,2,672.37,1,1,1," $19,403.10 ",1,1, $803.36 
2,4,685.43,0,1,0," $34,816.79 ",0,1, $453.95 
3,2,662.29,0,1,0," $36,722.54 ",2,0, $428.01 
1,6,725.53,0,1,0," $25,109.88 ",3,0, $559.74 
1,0,878.69,0,1,1," $15,569.46 ",2,1, $821.64 
3,7,898.5,1,1,0," $36,884.89 ",2,1, $976.82 
3,7,893.27,0,1,0," $16,860.46 ",1,1, $692.43 
3,7,533.3,0,1,1," $27,626.36 ",0,1, $657.39 
1,8,518.49,1,1,0," $30,763.52 ",0,1, $676.12 
3,7,794.89,1,1,0," $35,189.49 ",2,0, $670.82 
2,8,711.53,0,0,0," $37,215.47 ",1,0, $307.58 
2,6,1010.55,0,1,0," $27,689.47 ",1,0, $440.57 
4,4,845.12,0,1,0," $12,264.50 ",1,1, $564.66 
1,7,714.65,1,1,0," $24,488.96 ",1,0, $567.28 
1,5,704.64,0,1,1," $31,282.86 ",0,1, $626.45 
2,2,690.69,0,1,1," $14,905.48 ",0,1, $664.91 
1,2,704.75,0,1,1," $46,993.00 ",0,0, $390.60 
2,4,873.04,1,1,0," $22,599.47 ",1,0, $525.57 
1,4,862.83,0,1,1," $14,622.24 ",2,1, $655.00 
4,6,534.35,0,1,1," $45,379.66 ",0,1, $633.94 
2,5,666.23,0,1,0," $25,393.47 ",1,0, $328.83 
3,8,780.66,1,0,1," $28,477.29 ",1,1, $727.43 
2,6,700.32,1,1,0," $17,418.74 ",2,1, $806.59 
2,6,388.17,0,1,1," $9,736.98 ",1,1, $690.67 
3,6,637.24,1,1,1," $35,536.90 ",0,0, $397.64 
2,3,868.51,0,1,0," $30,102.18 ",0,1, $620.15 
2,5,956.49,1,1,1," $30,233.20 ",1,0, $640.73 
3,8,613.67,0,1,0," $21,489.89 ",0,0, $273.60 
2,5,556.77,0,1,1," $33,455.61 ",0,0, $433.18 
1,4,719.97,0,1,1," $22,954.06 ",0,1, $553.33 
1,4,722.55,1,0,1," $49,903.47 ",0,0, $506.92 
2,6,755.85,1,0,0," $28,414.45 ",2,1, $762.12 
2,4,912.5,1,1,0," $29,492.59 ",0,0, $547.50 
2,8,592.68,1,1,1," $20,542.24 ",1,1, $780.42 
-1,5,697.17,0,1,1," $17,804.39 ",2,1, $817.51 
2,4,631.85,1,1,0," $29,206.67 ",0,0, $445.72 
3,7,627.3,0,1,0," $32,568.90 ",0,1, $488.94 
2,5,686,0,1,0," $12,090.35 ",2,1, $762.75 
4,2,755.81,1,1,0," $34,541.06 ",2,0, $702.26 
3,2,875.98,0,1,0," $24,849.38 ",2,0, $534.61 
1,5,729.06,1,1,0," $22,456.58 ",1,1, $848.09 
2,3,698.35,0,0,0," $37,442.86 ",2,0, $302.49 
2,5,621.6,1,1,0," $27,571.38 ",1,0, $421.16 
3,9,1123.53,0,1,1," $33,964.42 ",0,1, $559.97 
3,5,486.17,0,1,0," $18,879.68 ",0,0, $198.52 
3,10,810.5,0,1,1," $39,304.91 ",1,1, $815.37 
2,6,750.76,1,1,0," $26,952.99 ",2,1, $789.59 
2,4,1000.26,1,1,1," $18,076.23 ",0,0, $424.92 
0,8,758,1,1,0," $24,767.00 ",0,0, $439.73 
2,3,700.37,0,1,1," $14,199.30 ",3,1, $836.69 
3,5,674.38,0,1,0," $14,925.92 ",0,1, $491.22 
2,4,1021.58,0,1,1," $36,811.24 ",2,0, $425.08 
3,4,773.05,0,1,0," $20,515.14 ",0,1, $451.37 
2,8,969.13,1,1,0," $10,539.88 ",1,0, $439.60 
1,7,580.33,0,1,0," $30,949.12 ",1,0, $472.00 
1,4,751.24,0,1,1," $24,104.97 ",2,1, $835.20 
1,9,835.06,0,1,1," $27,876.39 ",2,1, $755.54 
1,2,984.48,1,1,1," $29,999.75 ",2,1, $840.27 
1,6,900.96,0,1,0," $12,476.47 ",1,1, $653.65 
2,4,701.95,0,1,1," $31,473.06 ",2,1, $828.28 
1,6,719.2,0,1,0," $31,574.87 ",1,1, $541.85 
2,4,742.02,1,1,0," $28,730.32 ",1,0, $603.36 
2,3,776.74,1,1,1," $28,498.21 ",1,1, $844.04 
3,2,651.79,0,1,0," $31,858.78 ",0,1, $510.43 
2,6,824.89,1,1,1," $22,751.50 ",0,1, $669.37 
-1,2,638.39,0,1,0," $26,305.76 ",2,1, $675.48 
2,5,1076.14,0,1,1," $34,651.95 ",2,0, $558.42 
3,7,579.55,1,1,1," $23,892.45 ",0,0, $457.74 
2,4,777.33,0,1,0," $20,522.84 ",1,1, $704.32 
2,0,549.85,0,0,0," $23,928.25 ",2,1, $611.26 
1,6,764.09,1,0,1," $18,017.78 ",2,0, $605.25 
2,6,879.51,1,1,1," $22,013.63 ",0,0, $422.56 
2,6,671.88,0,0,1," $14,134.17 ",1,1, $563.54 
2,7,887.91,1,1,0," $20,988.27 ",0,1, $724.85 
3,4,699.8,0,1,1," $12,241.93 ",0,1, $493.26 
1,6,850.87,1,1,0," $3,776.08 ",0,1, $652.29 
1,11,946.74,0,1,1," $28,819.03 ",2,1, $730.09 
3,7,549.72,0,1,1," $41,533.34 ",1,0, $556.83 
0,5,755.03,0,1,0," $19,693.19 ",1,0, $261.95 
2,6,828.63,1,1,1," $10,699.02 ",2,1, $836.41 
1,5,323.95,0,1,0," $26,295.50 ",1,1, $505.44 
3,6,683.29,0,1,1," $23,182.80 ",1,0, $507.99 
2,5,557.23,0,0,0," $19,273.03 ",0,0, $197.07 
2,4,683.02,1,1,1," $29,193.07 ",1,0, $606.13 
4,4,840.2,1,1,0," $33,580.57 ",0,1, $653.25 
1,8,970.75,0,1,0," $32,285.37 ",0,0, $367.97 
3,2,929.79,1,0,1," $24,110.05 ",2,0, $654.99 
1,5,692.13,0,1,0," $26,348.19 ",2,0, $490.12 
1,1,878.83,0,1,0," $34,531.17 ",1,0, $371.71 
3,7,572.78,1,1,1," $34,099.98 ",1,0, $513.93 
2,4,840.06,0,1,1," $20,857.83 ",2,1, $779.86 
2,2,765.99,0,1,0," $21,128.67 ",2,0, $470.47 
2,6,627.91,1,1,1," $21,104.10 ",3,0, $823.63 
3,6,884.14,1,1,1," $25,621.90 ",0,0, $613.49 
3,6,776.99,1,1,0," $15,962.89 ",1,0, $517.25 
2,8,567.36,1,1,1," $12,522.58 ",1,1, $896.65 
1,5,870.71,0,1,1," $29,910.62 ",3,1, $812.12 
2,4,1177.7,1,1,1," $19,366.43 ",3,1, $984.27 
1,5,950.5,0,1,1," $15,450.66 ",0,0, $414.72 
1,2,817.61,0,1,0," $38,734.51 ",1,1, $622.05 
1,7,658.86,0,1,1," $35,701.06 ",1,0, $534.18 
3,7,764.33,0,1,1," $31,872.19 ",2,0, $570.42 
3,2,1005.38,1,1,1," $33,346.93 ",1,1, $754.63 
1,3,968.28,0,1,0," $32,258.40 ",2,1, $815.06 
2,3,800.96,0,1,0," $30,971.97 ",2,0, $455.35 
2,3,564.17,1,1,1," $16,354.79 ",0,1, $610.08 
1,5,752.39,0,1,1," $35,560.75 ",1,1, $589.44 
2,4,771.59,0,1,1," $25,489.96 ",1,1, $601.77 
2,4,1069.32,0,1,0," $12,435.65 ",1,1, $686.76 
3,5,836.5,0,1,1," $28,629.77 ",2,1, $862.22 
3,5,934.82,0,1,0," $24,210.55 ",0,1, $593.77 
2,3,760.75,0,1,0," $32,129.77 ",3,0, $545.61 
1,7,665.07,0,1,0," $42,115.10 ",1,1, $576.29 
1,4,704.72,0,0,0," $20,191.55 ",1,1, $500.82 
4,-1,1058.32,1,0,0," $17,182.76 ",4,0, $598.94 
2,4,883.45,0,0,0," $22,813.35 ",2,0, $372.44 
1,6,626.75,0,1,0," $31,028.60 ",3,0, $457.78 
2,5,635.28,0,1,0," $32,315.58 ",1,1, $567.34 
1,5,574.3,0,1,0," $11,962.93 ",0,1, $429.26 
1,3,813.06,1,1,1," $31,780.33 ",2,1, $908.84 
2,7,911.98,0,1,0," $26,336.01 ",2,1, $794.84 
2,4,880.15,0,1,0," $22,242.58 ",2,1, $616.88 
2,7,931.86,0,1,0," $24,697.02 ",0,1, $575.20 
2,6,809.69,0,1,0," $18,617.69 ",1,0, $311.42 
2,3,786.46,0,1,0," $31,008.24 ",3,0, $467.48 
-1,8,801.48,1,1,0," $22,003.44 ",2,1, $960.31 
1,4,748.04,1,1,1," $16,081.34 ",0,0, $382.06 
1,5,670.5,1,0,1," $(1,013.85)",2,0, $528.65 
2,6,548.96,0,1,0," $31,400.35 ",2,0, $485.74 
2,5,569.94,0,0,1," $19,983.43 ",1,1, $562.96 
2,3,731.05,0,1,1," $21,571.95 ",1,0, $479.56 
1,4,1035.94,1,1,0," $38,030.46 ",1,1, $821.70 
1,1,799.66,0,0,0," $21,299.68 ",1,0, $277.18 
2,5,843.85,0,1,0," $19,607.07 ",0,0, $307.00 
2,6,928.7,0,1,1," $31,689.00 ",1,1, $792.82 
2,9,856.5,0,1,0," $18,043.09 ",1,1, $539.64 
1,5,767.79,0,1,0," $28,953.16 ",0,0, $183.45 
2,7,996.66,1,1,0," $30,070.15 ",0,1, $618.75 
4,8,795.46,1,0,0," $26,405.81 ",1,1, $769.11 
4,9,678.47,0,0,0," $30,465.27 ",2,1, $706.90 
2,8,861.31,1,1,0," $24,174.71 ",1,0, $640.18 
3,5,819.68,1,0,0," $10,547.98 ",0,1, $586.13 
0,3,766.53,0,1,1," $25,372.96 ",1,0, $300.44 
4,2,834.13,1,1,0," $32,820.26 ",0,0, $453.10 
3,0,618.91,1,1,0," $19,943.20 ",0,1, $709.07 
1,4,942.95,0,0,0," $23,348.80 ",1,1, $650.92 
1,6,1002.71,0,1,1," $26,478.15 ",2,0, $420.84 
2,8,834.85,0,1,1," $16,956.43 ",0,0, $302.89 
2,7,868.06,1,0,0," $26,477.51 ",0,1, $551.79 
1,5,684.37,1,0,1," $33,920.09 ",0,1, $570.84 
1,4,691.12,1,1,0," $47,090.50 ",0,1, $698.07 
4,4,801.12,0,1,0," $11,182.68 ",2,1, $606.39 
2,7,825.89,0,1,0," $35,389.76 ",0,1, $535.07 
0,5,606.3,1,1,1," $23,623.36 ",1,0, $558.74 
2,7,1046.44,0,1,1," $28,452.41 ",1,1, $630.63 
1,3,550.83,0,1,0," $27,439.60 ",2,1, $586.47 
2,2,670.35,0,1,1," $16,868.70 ",2,1, $669.04 
2,3,800.93,1,1,1," $26,743.00 ",0,1, $746.52 
2,6,881.87,1,1,0," $8,927.86 ",0,1, $720.11 
3,5,772.83,0,1,1," $31,214.57 ",0,1, $658.26 
1,3,730.49,0,0,0," $29,719.32 ",1,1, $549.55 
0,4,844.57,1,1,0," $26,500.91 ",1,1, $880.82 
4,2,737.62,1,1,1," $35,443.13 ",3,1," $1,018.81 "
2,6,643.98,0,0,1," $20,385.97 ",0,1, $457.52 
1,5,587.1,0,0,1," $12,899.98 ",1,1, $531.29 
3,9,681.31,0,0,1," $36,553.92 ",1,0, $363.39 
0,4,857.96,0,1,0," $13,955.21 ",0,0, $300.16 
3,6,792.56,0,1,0," $23,087.74 ",2,1, $812.84 
1,3,938.51,1,1,0," $17,284.03 ",2,0, $495.10 
3,6,865.67,0,1,1," $35,757.27 ",0,0, $393.62 
3,5,1087.35,0,1,0," $38,651.20 ",1,1, $662.55 
3,8,669.97,0,1,0," $22,952.21 ",1,1, $553.45 
1,5,635.28,0,1,1," $21,549.44 ",1,0, $481.93 
1,4,608.51,0,1,0," $34,811.43 ",2,1, $776.97 
2,9,937.63,0,1,1," $10,770.83 ",2,1, $836.08 
2,5,904.92,1,1,0," $5,801.91 ",0,1, $710.68 
1,7,788.73,0,1,1," $15,850.70 ",0,1, $676.93 
2,1,939.97,0,0,1," $27,136.17 ",1,0, $387.32 
1,6,895.91,0,0,0," $18,822.41 ",1,0, $222.22 
2,4,690.85,1,1,1," $10,227.04 ",0,1, $813.99 
1,5,888.32,0,1,1," $36,802.71 ",1,1, $603.12 
2,4,549.95,0,1,0," $34,362.91 ",1,1, $605.96 
0,5,1046.68,1,0,1," $21,197.44 ",1,1, $801.72 
4,4,869.29,0,1,0," $7,682.10 ",1,1, $534.15 
3,3,927.71,0,1,1," $28,285.37 ",0,1, $581.38 
2,3,1102.5,0,1,1," $20,783.20 ",1,0, $409.12 
1,5,1031.06,1,1,0," $38,350.58 ",3,1," $1,066.59 "
3,3,769.77,0,1,0," $15,884.25 ",2,0, $536.82 
1,5,658.94,0,1,1," $28,110.64 ",2,1, $818.82 
3,4,660.55,0,1,1," $43,636.94 ",0,1, $616.41 
2,7,664.49,1,1,0," $33,094.49 ",1,0, $590.08 
1,6,701.3,0,1,0," $37,684.67 ",0,0, $250.93 
2,5,963.07,0,1,0," $44,918.46 ",2,0, $494.02 
3,5,993.23,0,1,0," $31,536.80 ",1,1, $752.01 
2,7,974.28,1,0,1," $9,282.02 ",0,1, $630.90 
2,3,731.11,0,1,1," $20,693.18 ",0,0, $245.22 
4,1,862.33,0,1,0," $20,098.58 ",1,0, $272.87 
1,2,708.64,1,1,0," $34,663.71 ",1,0, $562.06 
1,5,612.54,0,0,1," $20,217.23 ",2,0, $442.12 
1,7,840.81,0,0,0," $30,684.89 ",0,0, $226.46 
1,2,680.57,1,1,1," $4,884.15 ",0,1, $617.83 
2,8,790.51,1,1,0," $24,854.53 ",1,1, $905.43 
0,6,979.89,1,1,0," $14,522.36 ",3,1, $914.62 
2,4,972.95,0,1,1," $34,625.01 ",3,1, $829.29 
3,2,676.98,0,1,0," $22,900.94 ",2,1, $711.57 
2,3,581.22,0,1,0," $29,023.85 ",1,1, $572.71 
3,5,1166.71,1,1,1," $13,738.55 ",1,1, $926.73 
2,2,924.17,0,1,0," $16,058.13 ",0,0, $279.74 
2,4,996.35,1,1,1," $37,360.13 ",1,0, $571.22 
3,6,1097.89,0,1,1," $22,277.67 ",2,1, $709.31 
2,6,548.8,0,1,0," $27,080.23 ",2,0, $543.94 
3,7,981.26,0,1,1, $(526.54),3,1, $783.53 
0,4,904.53,1,1,1," $56,531.08 ",0,0, $583.24 
2,4,835.05,1,1,1, $(90.52),0,1, $794.61 
3,6,786.93,0,1,1," $17,196.35 ",0,1, $568.68 
0,4,1185.36,0,1,1," $28,864.24 ",0,1, $662.14 
2,4,534.15,1,1,0," $24,618.26 ",1,1, $682.41 
2,6,700.94,1,1,0," $18,591.70 ",0,1, $679.15 
2,6,662.82,0,1,1," $20,919.10 ",2,1, $656.46 
2,7,860.15,0,1,0," $39,465.64 ",2,0, $509.03 
4,7,709.59,0,1,1," $18,900.25 ",1,0, $350.81 
0,9,843.85,0,0,1," $22,729.18 ",1,1, $577.26 
1,6,948.47,0,1,0," $25,758.26 ",2,0, $474.18 
2,6,750.79,0,1,1," $22,787.40 ",3,1, $888.21 
3,3,571.3,0,1,0," $27,899.30 ",0,0, $294.70 
3,5,942.5,1,0,1," $15,292.00 ",0,0, $400.73 
2,1,560.7,1,1,0," $26,586.82 ",1,0, $456.86 
1,6,701.89,0,1,1," $32,896.78 ",0,0, $366.01 
3,5,1074.9,0,0,1," $26,420.49 ",1,0, $309.31 
1,7,892.85,0,1,1," $15,912.60 ",1,0, $373.87 
1,8,848.04,0,1,1," $18,347.80 ",1,1, $696.63 
2,4,749.44,0,1,1," $21,510.21 ",2,0, $483.11 
3,7,754.59,1,1,0," $30,996.00 ",1,0, $522.84 
1,4,821.37,0,0,1," $14,991.02 ",0,1, $463.53 
3,7,916.95,0,1,1," $19,975.74 ",2,1, $782.73 
2,6,898.26,1,1,1," $15,825.46 ",0,0, $524.54 
2,5,593.12,1,1,1," $25,339.76 ",1,1, $780.95 
3,2,752.36,0,1,1," $9,371.77 ",3,0, $609.07 
1,3,757.73,1,1,0," $22,432.58 ",2,1, $915.47 
4,8,635.78,0,1,1," $24,609.66 ",0,0, $432.33 
3,6,676.79,0,0,1," $21,962.35 ",1,1, $583.29 
3,7,827.01,0,1,1," $26,537.74 ",0,0, $432.27 
2,7,606.43,1,1,0," $16,225.94 ",2,1, $850.46 
0,1,557.07,1,1,1," $7,525.82 ",1,1, $800.11 
1,4,942.08,0,1,1," $27,218.13 ",1,1, $616.09 
1,6,833.6,0,1,0," $28,663.06 ",0,1, $547.93 
2,8,813.67,1,1,1," $15,648.87 ",2,0, $621.70 
2,6,361.13,0,0,1," $28,218.63 ",1,0, $441.87 
2,5,711.94,0,1,1," $19,210.78 ",1,0, $418.51 
1,7,696.3,0,1,0," $30,768.18 ",1,1, $532.48 
2,6,599.88,0,1,1," $24,223.48 ",0,1, $494.14 
1,7,661.46,0,1,1," $31,908.08 ",1,0, $444.27 
3,6,704.81,0,1,0," $20,227.31 ",0,0, $189.44 
2,4,828.85,0,1,0," $(1,048.77)",2,0, $382.63 
2,7,915.66,0,1,0," $8,824.44 ",0,1, $436.75 
0,4,906.78,0,1,0," $24,609.42 ",2,1, $793.74 
3,4,916.19,1,1,0," $19,258.73 ",2,1, $971.68 
3,8,631.54,0,1,1," $12,107.02 ",1,1, $756.09 
1,4,802.95,0,1,0," $47,110.28 ",1,0, $410.31 
2,1,597.39,1,1,0," $20,184.42 ",1,1, $769.06 
3,9,744.67,1,1,1," $26,095.19 ",1,1, $788.45 
0,2,840.99,1,1,1," $26,297.68 ",2,0, $663.84 
1,6,1066.39,1,0,1," $47,483.47 ",1,1, $748.81 
3,5,820.39,0,1,1," $9,501.99 ",2,1, $787.25 
3,7,824.91,1,0,0," $20,618.16 ",3,1, $931.01 
0,2,702.84,0,0,1," $23,958.43 ",0,1, $475.03 
2,2,653.43,1,0,1," $25,127.72 ",1,1, $769.02 
2,5,663.28,0,1,1," $32,704.18 ",1,1, $650.47 
0,5,780.22,0,1,1," $14,164.11 ",2,1, $818.36 
2,6,911.58,1,0,1," $36,316.90 ",1,0, $475.08 
2,5,244.4,1,0,1," $39,823.70 ",2,1, $858.67 
2,5,674.53,0,1,0," $16,451.23 ",0,0, $163.36 
3,5,1019.52,1,1,1," $21,532.89 ",1,1, $760.52 
1,1,515.34,0,1,1," $11,753.98 ",0,1, $460.11 
1,5,584.85,0,0,0," $2,108.61 ",0,1, $440.81 
4,7,900.39,1,1,0," $22,294.67 ",1,1, $883.61 
4,6,829.15,1,1,0," $18,777.36 ",2,1, $833.19 
2,4,814.28,0,1,0," $34,929.14 ",1,0, $418.78 
1,8,895.34,1,1,0," $36,314.02 ",1,0, $532.72 
2,6,911.72,1,1,1," $24,762.94 ",0,1, $845.97 
4,7,770.68,1,0,0," $24,871.18 ",0,1, $714.21 
1,3,824.05,0,1,0," $38,321.36 ",3,1, $784.13 
5,3,750.58,0,0,0," $13,397.44 ",0,1, $439.59 
1,9,835.59,0,1,0," $44,083.19 ",0,1, $580.13 
1,2,791.78,1,1,0," $27,267.91 ",2,1, $882.62 
3,5,879.29,1,1,0," $24,582.51 ",3,0, $748.89 
0,4,1116.41,0,1,1," $19,658.51 ",3,0, $585.58 
2,3,698.84,0,0,0," $26,577.03 ",1,1, $442.23 
2,5,842.02,0,1,1," $36,015.54 ",2,1, $837.81 
2,6,787.1,0,1,1," $29,109.56 ",4,0, $803.50 
4,3,720.31,1,0,1," $22,691.55 ",2,1, $849.29 
3,5,773.66,1,0,1," $35,807.59 ",0,1, $770.54 
2,2,1075.89,0,0,1," $16,451.71 ",0,0, $357.78 
2,4,772.33,0,0,0," $31,731.94 ",2,1, $531.61 
2,5,662.58,0,1,1," $22,932.87 ",1,1, $783.05 
1,8,843.47,1,1,1," $33,015.78 ",0,1, $770.58 
3,6,551.32,0,1,0," $40,545.49 ",1,0, $371.24 
1,5,831.82,1,1,1," $28,563.20 ",0,0, $471.89 
1,4,870.57,0,1,0," $10,237.39 ",1,1, $516.05 
2,7,786.06,0,1,0," $35,869.90 ",2,1, $656.31 
2,9,759.64,1,1,1," $19,296.10 ",1,0, $635.92 
2,6,520.46,0,1,0," $38,685.23 ",3,1, $878.25 
2,7,811.63,0,1,1," $47,453.09 ",2,1, $700.22 
2,5,974.83,1,1,0," $18,894.52 ",2,1, $976.31 
1,5,836.06,1,0,0," $24,032.65 ",0,0, $253.11 
1,5,812.24,1,1,1," $19,179.15 ",0,1, $795.72 
1,8,1055.17,1,1,0," $15,189.30 ",1,0, $540.82 
3,11,555.62,0,0,1," $52,765.10 ",0,1, $481.31 
2,10,1064.73,0,1,1," $27,339.04 ",1,0, $455.78 
2,5,771.82,0,1,1," $26,668.29 ",2,1, $879.25 
1,6,801.99,0,1,1," $22,542.90 ",1,0, $325.91 
3,6,730.36,0,1,1," $19,302.30 ",1,1, $744.26 
2,6,753.22,1,1,0," $15,696.01 ",0,1, $600.61 
1,4,877.23,0,1,1," $33,337.88 ",1,1, $701.03 
4,5,762.6,0,0,1," $12,326.43 ",0,0, $337.62 
2,5,778.5,0,1,0," $26,252.68 ",2,0, $492.88 
3,7,725.84,0,1,1," $18,666.00 ",2,0, $497.51 
2,1,661.54,1,1,1," $40,260.49 ",0,1, $747.15 
2,4,504.24,0,1,0," $25,193.60 ",1,0, $264.92 
2,4,825.94,1,0,1," $27,846.65 ",2,0, $492.60 
1,3,634.29,1,1,0," $38,155.18 ",0,1, $612.94 
2,2,736.14,1,1,1," $36,618.88 ",0,0, $516.71 
3,1,851.93,0,0,0," $16,419.26 ",1,1, $567.04 
1,7,528.29,1,1,1," $34,288.53 ",0,1, $763.61 
2,4,586.48,0,1,1," $28,153.00 ",0,1, $620.72 
0,6,620.29,1,0,0," $31,055.69 ",1,1, $747.98 
1,8,957.95,0,1,0," $34,888.00 ",2,1, $795.49 
2,5,583.22,1,1,0," $19,597.04 ",1,0, $609.82 
3,7,729.7,1,1,0," $29,004.38 ",0,1, $668.94 
2,10,606.2,1,1,1," $31,577.13 ",1,0, $540.15 
3,7,601.03,0,1,1," $23,941.90 ",1,1, $709.10 
1,7,935.01,0,1,1," $27,243.07 ",2,0, $599.04 
2,8,652.2,1,0,0," $10,756.64 ",3,0, $530.32 
3,4,743.58,0,1,1," $17,822.06 ",0,1, $503.94 
1,6,889.06,0,1,1," $(1,576.44)",1,0, $308.84 
4,6,681.32,1,1,0," $13,481.07 ",1,1, $875.33 
0,6,949.59,0,0,0," $5,200.62 ",3,0, $509.13 
2,7,509.38,0,1,0," $46,025.99 ",0,1, $654.94 
2,6,888.47,1,1,0," $27,854.32 ",2,0, $592.01 
2,9,747.74,0,1,0," $21,937.54 ",2,0, $372.46 
2,7,770.67,0,1,0," $19,771.94 ",3,1, $727.70 
3,5,634.83,1,1,1," $16,128.76 ",3,0, $773.74 
2,8,605.21,0,0,1," $34,695.89 ",2,1, $680.96 
3,4,695.24,0,1,0," $26,862.82 ",0,1, $598.52 
1,2,694.55,0,1,1," $8,498.60 ",1,1, $749.71 
3,5,798.92,1,1,1," $20,900.09 ",2,1, $844.21 
1,5,595.7,1,0,0," $18,885.43 ",1,1, $705.26 
2,7,957.28,1,1,0," $18,063.68 ",0,0, $356.98 
3,5,845.62,1,0,1," $28,938.08 ",1,0, $464.26 
4,8,765.55,0,1,1," $17,127.48 ",0,1, $664.02 
2,3,1063.48,0,1,0," $20,030.28 ",1,1, $658.96 
1,6,950.08,0,1,1," $19,782.36 ",2,0, $531.75 
1,4,733.47,0,1,0," $29,943.51 ",2,1, $616.24 
1,5,889.54,0,1,1," $8,708.73 ",2,0, $388.58 
2,6,931.66,1,0,1," $22,386.93 ",1,0, $618.01 
1,9,879.67,0,1,0," $34,346.14 ",1,0, $329.57 
1,2,768.1,0,0,0," $14,810.27 ",2,1, $658.11 
3,6,891.78,1,1,0," $32,648.40 ",1,0, $506.42 
2,5,742.32,1,1,1," $30,714.70 ",1,1, $904.67 
1,1,965.07,0,1,1," $25,904.59 ",2,0, $396.66 
0,6,686.45,1,1,0," $46,078.72 ",1,0, $645.22 
1,5,961.91,1,1,0," $27,755.02 ",0,0, $462.41 
2,5,1069.87,1,1,1," $25,057.67 ",0,1, $748.32 
3,8,867.34,1,1,1," $28,403.65 ",1,0, $541.39 
3,5,686.58,0,1,0," $44,804.64 ",0,0, $211.24 
2,4,1015.45,0,1,0," $24,516.20 ",1,1, $568.64 
1,2,669.69,1,1,1," $24,973.46 ",0,0, $360.54 
2,3,626.42,1,1,1," $19,085.43 ",0,1, $717.46 
1,3,1072,1,1,1," $10,174.71 ",0,1, $810.70 
2,4,865.04,1,1,1," $18,391.27 ",0,1, $687.29 
1,4,688.98,0,1,1," $36,571.26 ",2,1, $829.96 
1,5,785.52,0,1,1," $17,110.12 ",0,1, $620.19 
2,0,797.67,1,1,1," $19,047.93 ",2,0, $738.13 
4,4,846.15,0,1,0," $35,945.14 ",0,1, $483.57 
2,4,773.2,0,1,0," $34,162.20 ",1,1, $683.03 
2,9,998.93,0,1,1," $34,392.57 ",0,1, $567.59 
4,5,868.58,0,1,0," $6,788.84 ",2,0, $385.84 
2,7,751.99,0,1,1," $13,348.51 ",1,0, $356.88 
2,2,666.58,1,1,1," $27,716.53 ",1,0, $530.36 
2,5,901.61,1,1,1," $30,061.20 ",1,1, $920.86 
2,4,902.76,0,1,0," $14,608.19 ",1,1, $589.41 
2,2,796.83,0,0,1," $13,898.86 ",0,1, $596.47 
3,5,642.72,0,1,0," $25,405.56 ",0,0, $177.99 
2,4,832.37,0,1,1," $6,343.89 ",2,0, $529.51 
2,5,988.29,1,1,1," $41,764.78 ",2,1," $1,053.39 "
1,6,682.29,1,1,1," $23,078.73 ",0,0, $498.10 
2,4,838.84,1,1,1," $38,464.04 ",3,1," $1,022.60 "
1,5,890.73,0,1,1," $30,770.24 ",3,1, $805.67 
2,2,752.77,0,1,1," $21,188.82 ",0,0, $319.43 
3,4,748.97,0,0,0," $31,973.67 ",2,1, $579.24 
1,9,572.76,1,1,1," $35,408.69 ",3,1, $992.32 
2,4,936.44,1,1,0," $6,757.32 ",3,1," $1,002.38 "
2,5,943.71,0,0,0," $26,873.88 ",2,0, $286.68 
0,5,868.52,0,1,1," $17,440.95 ",0,0, $228.95 
2,4,885.58,0,0,0," $34,893.47 ",1,0, $286.52 
1,3,519.84,0,1,1," $20,211.03 ",0,0, $313.33 
2,3,958.46,0,1,1," $28,827.97 ",2,1, $879.02 
1,6,699.62,1,1,1," $31,778.47 ",0,1, $684.80 
3,6,709.33,0,1,0," $18,368.07 ",0,0, $357.99 
2,1,835.9,0,1,1," $24,741.96 ",0,0, $348.92 
0,5,669.56,0,0,1," $29,937.32 ",1,0, $417.49 
1,7,1090.44,0,0,0," $32,838.33 ",1,1, $686.89 
1,8,535.6,1,1,1," $30,021.33 ",0,0, $583.12 
3,7,771.06,1,1,1," $19,482.65 ",0,0, $475.43 
2,4,1147.92,0,1,0," $17,006.08 ",1,1, $592.79 
2,7,938.86,1,1,0," $16,126.88 ",2,1, $952.37 
2,5,947.73,0,1,0," $31,293.59 ",1,0, $370.07 
3,6,848.71,0,1,0," $12,959.34 ",0,1, $434.72 
3,6,958.96,0,1,0," $19,078.68 ",2,1, $641.41 
2,4,687.94,0,1,1," $24,203.05 ",1,0, $400.55 
3,5,811.93,0,1,1," $38,603.17 ",0,0, $294.09 
1,3,988.94,0,1,1," $15,642.66 ",1,1, $586.93 
2,3,703.79,0,1,0," $42,236.78 ",0,1, $437.39 
4,3,534.57,1,1,1," $23,102.74 ",2,0, $704.10 
3,4,878.4,0,1,0," $25,774.32 ",1,1, $602.13 
1,2,795.15,0,1,1," $26,411.26 ",1,1, $752.29 
3,6,693.03,1,1,1," $28,093.23 ",2,1, $934.08 
2,1,984.8,0,1,0," $24,249.31 ",2,1, $687.46 
0,5,591.87,0,1,1," $20,541.51 ",1,1, $599.33 
0,6,803.83,0,1,0," $25,585.89 ",2,1, $606.29 
4,5,627.4,1,1,1," $23,288.42 ",1,1, $738.93 
4,5,695.95,1,1,1," $19,703.61 ",2,1, $961.74 
0,3,698.83,0,0,0," $13,817.63 ",0,0, $97.54 
2,4,1106.99,0,1,0," $10,691.95 ",1,1, $587.92 
1,5,702.04,0,0,0," $31,462.81 ",1,1, $486.63 
3,6,695.68,0,0,1," $24,977.27 ",0,0, $175.89 
-1,5,806.5,1,1,0," $10,799.59 ",0,0, $450.25 
2,4,1111.85,1,1,1," $30,600.54 ",1,1, $852.04 
1,3,966.98,1,1,0," $13,996.33 ",0,0, $515.21 
3,7,696.91,0,0,1," $14,380.37 ",1,0, $393.30 
3,3,720.13,1,0,1," $49,294.85 ",2,0, $707.60 
1,5,793.79,1,1,0," $26,738.67 ",1,1, $874.31 
2,2,830.26,0,1,0," $16,432.02 ",1,1, $611.49 
5,5,1016.56,0,1,0," $31,100.16 ",1,1, $640.20 
3,5,775.72,0,1,0," $18,999.34 ",3,1, $751.74 
1,2,977.21,1,1,1," $20,664.10 ",0,1, $666.64 
3,1,642.96,0,1,1," $13,626.50 ",0,1, $660.18 
2,6,792.67,1,0,0," $46,841.59 ",1,1, $637.12 
3,3,723.66,1,1,0," $8,771.54 ",2,1, $858.99 
2,5,690.67,1,1,1," $39,842.83 ",1,1, $871.45 
1,5,903.23,1,1,0," $20,150.28 ",1,1, $765.80 
3,8,684.81,1,1,0," $24,404.43 ",1,0, $608.38 
2,3,1004.21,0,0,0," $13,647.46 ",0,0, $166.99 
0,2,795.29,1,1,0," $36,365.17 ",2,0, $671.88 
3,3,835.89,1,1,1," $14,067.73 ",2,0, $668.52 
3,3,786.47,0,0,0," $15,641.60 ",1,1, $475.01 
3,1,714.14,1,1,0," $13,262.51 ",0,1, $616.89 
3,7,699.63,1,1,0," $16,616.36 ",2,1, $894.74 
3,7,1130.5,0,1,0," $32,998.19 ",1,0, $423.82 
1,5,929.73,1,1,1," $44,518.73 ",0,0, $502.61 
1,9,834.03,1,0,1," $24,583.35 ",1,1, $820.72 
2,6,674.74,1,1,0," $36,430.80 ",1,0, $486.97 
2,6,733.45,0,0,1," $20,701.74 ",1,1, $714.20 
0,1,974.21,0,1,1," $32,363.36 ",1,0, $447.42 
3,4,941.85,1,1,1," $27,887.61 ",2,0, $658.32 
3,5,732.97,0,1,1," $27,439.77 ",1,1, $652.89 
1,4,663.37,0,1,0," $19,092.23 ",1,0, $393.53 
0,4,699.81,0,0,1," $22,303.66 ",1,1, $688.03 
2,2,1136,1,0,0," $22,178.75 ",1,0, $550.80 
4,4,1041.18,0,1,0," $20,060.10 ",0,1, $461.54 
3,5,773.02,0,0,1," $31,408.38 ",2,0, $378.70 
3,5,1084.52,1,1,0," $1,587.70 ",1,0, $456.26 
1,5,790.71,0,1,1," $37,050.82 ",0,0, $363.34 
4,4,516.43,1,1,0," $20,372.66 ",1,0, $467.39 
3,6,1057.52,1,1,0," $16,420.09 ",1,0, $525.72 
2,2,760.93,0,1,0," $17,974.11 ",1,1, $583.44 
2,8,807.56,1,1,0," $22,984.61 ",0,1, $710.78 
2,3,1034.6,0,1,0," $28,074.60 ",0,1, $464.60 
2,5,861.43,0,0,1," $28,405.85 ",0,1, $498.62 
1,5,900.45,1,0,0," $15,115.43 ",1,1, $701.76 
0,6,737.19,0,1,1," $17,451.85 ",3,1, $862.08 
2,4,854.11,0,1,0," $25,119.88 ",1,1, $556.37 
1,3,786.13,0,1,0," $28,819.69 ",1,1, $526.46 
2,5,547.37,1,1,1," $16,397.97 ",1,0, $652.86 
2,3,752.63,0,1,1," $16,120.11 ",2,0, $523.89 
2,4,699.42,0,1,0," $24,008.13 ",0,1, $472.73 
1,4,705.27,0,0,1," $32,894.00 ",1,1, $655.08 
2,5,924.54,0,1,0," $15,145.56 ",2,0, $458.82 
2,6,862.53,0,1,1," $36,313.84 ",1,0, $430.63 
2,7,687.45,0,1,1," $19,574.41 ",0,1, $558.75 
0,5,928.69,0,1,0," $26,182.20 ",0,1, $624.69 
2,8,1018.86,1,1,1," $13,611.22 ",2,1, $961.68 
3,7,786.75,0,1,1," $41,083.05 ",1,1, $706.68 
1,2,924.05,1,0,1," $11,499.93 ",1,0, $540.08 
3,5,579.46,1,1,0," $37,876.75 ",0,1, $682.75 
3,5,831.08,0,1,0," $10,099.02 ",1,0, $428.55 
2,4,717.39,1,1,1," $19,565.61 ",1,0, $473.21 
3,4,640.71,1,1,0," $41,718.43 ",1,0, $572.90 
4,6,691.92,1,0,1," $7,902.71 ",1,1, $745.78 
1,4,893.34,0,0,1," $37,558.92 ",1,0, $434.31 
1,7,904.79,1,1,0," $29,416.50 ",0,1, $793.69 
1,5,699.25,1,1,0," $28,249.71 ",2,1, $941.29 
3,7,643.43,1,1,0," $12,380.29 ",0,1, $749.19 
2,9,1113.99,1,1,0," $28,093.77 ",2,0, $609.29 
1,5,735.06,0,1,0," $29,839.01 ",0,0, $357.00 
1,3,808.19,0,1,0," $28,898.87 ",0,1, $508.93 
1,4,755.02,0,1,1," $34,067.78 ",2,1, $696.93 
0,2,764.65,1,1,0," $11,027.89 ",1,1, $839.13 
1,5,571.11,0,1,1," $29,918.34 ",2,0, $561.25 
1,6,986.3,0,1,1," $28,032.20 ",0,0, $434.89 
2,5,726.25,1,1,0," $29,213.75 ",0,1, $791.08 
0,9,856.15,0,1,0," $26,546.13 ",1,1, $555.33 
3,8,698.03,0,0,0," $28,833.16 ",0,1, $539.74 
1,5,846.64,1,1,1," $13,971.01 ",2,1, $962.48 
3,4,679.48,0,1,0," $42,422.59 ",2,1, $775.75 
3,1,767.12,1,1,0," $24,635.02 ",1,0, $511.19 
3,5,650.6,0,1,0," $23,861.79 ",0,1, $543.06 
3,5,758.62,0,1,0," $28,484.97 ",1,0, $282.07 
2,6,849.08,0,1,1," $25,230.29 ",2,0, $551.57 
2,4,784.79,0,1,1," $25,128.15 ",2,1, $709.34 
3,6,733.48,0,1,0," $22,880.75 ",1,0, $289.73 
4,8,607.15,1,1,1," $40,047.03 ",1,1, $884.69 
2,7,652.57,0,1,0," $25,566.98 ",1,1, $660.21 
3,2,695.3,0,1,0," $28,278.67 ",0,1, $535.05 
1,5,874.65,1,1,1," $20,070.34 ",1,1, $823.51 
2,4,717.42,0,0,0," $18,993.48 ",2,1, $595.25 
1,4,778.09,0,1,0," $31,208.61 ",1,1, $684.92 
2,7,932.1,0,1,1," $24,188.14 ",2,0, $499.33 
1,4,622.28,0,0,0," $27,825.25 ",1,0, $344.93 
2,4,755.57,0,1,1," $19,598.82 ",1,1, $679.26 
1,5,869.58,0,1,1," $13,976.87 ",0,1, $545.20 
1,4,630.91,0,0,1," $29,720.86 ",0,1, $501.45 
1,5,761.19,1,0,1," $31,943.79 ",1,1, $869.55 
1,3,886.07,0,1,1," $22,982.15 ",1,0, $448.39 
3,7,867.73,0,1,0," $23,413.83 ",0,0, $266.55 
1,4,883.64,1,1,1," $39,365.49 ",1,1, $771.90 
4,5,870.48,0,1,1," $38,274.33 ",0,0, $401.55 
2,5,1024,1,1,0," $23,140.23 ",1,1, $798.84 
2,5,716.73,0,1,1, $51.85 ,1,0, $359.95 
2,6,578.78,0,1,0," $35,741.32 ",2,1, $691.28 
1,5,602.68,0,0,1," $18,477.49 ",1,0, $364.99 
0,6,892.43,1,1,1," $21,027.82 ",1,1, $727.37 
3,5,1064.88,1,1,1," $20,596.74 ",0,1, $767.09 
0,4,963.1,1,1,0," $20,828.59 ",3,1, $986.70 
1,5,824.09,0,1,1," $32,799.66 ",0,1, $589.56 
1,5,1032.83,1,1,1," $34,453.53 ",1,1, $787.53 
3,4,675.74,1,1,0," $21,394.01 ",1,1, $869.25 
1,3,956.4,1,1,0," $13,342.48 ",2,0, $506.06 
2,9,835.64,0,1,0," $19,603.28 ",0,1, $488.19 
1,5,689.15,0,1,1," $30,570.00 ",2,1, $841.11 
2,5,875.28,0,1,0," $28,512.28 ",2,1, $699.82 
3,2,750.75,0,1,1," $17,242.08 ",1,1, $592.27 
3,6,751.4,0,0,1," $21,288.94 ",2,1, $805.83 
2,2,852.38,0,1,0," $25,600.11 ",2,0, $395.85 
1,4,677.17,0,0,0," $22,290.57 ",2,1, $572.62 
3,3,1027.08,0,0,0," $13,333.28 ",1,0, $218.05 
2,1,967.37,0,1,0," $28,745.23 ",2,1, $672.17 
1,4,688.61,1,1,0," $4,994.76 ",0,1, $763.97 
3,6,770.58,0,0,0," $11,919.18 ",1,1, $618.76 
0,3,649.56,1,1,0," $24,884.65 ",0,1, $653.01 
2,4,811.69,0,1,1," $39,518.02 ",2,0, $499.15 
2,4,766.01,1,1,1," $16,610.41 ",0,1, $729.88 
4,6,893.72,0,1,1," $24,822.96 ",0,0, $376.45 
2,5,750.74,0,1,0," $29,119.48 ",1,1, $566.97 
1,5,841.03,1,1,0," $28,153.11 ",3,0, $799.15 
2,4,1015.02,0,1,0," $37,069.58 ",0,1, $554.27 
2,8,825.89,1,1,0," $31,592.50 ",0,1, $754.73 
2,5,753.92,0,1,1," $13,236.41 ",1,1, $687.42 
0,7,703.67,0,1,1," $26,051.29 ",1,1, $686.83 
3,8,711.82,0,1,1," $19,788.33 ",1,1, $678.40 
4,3,732.57,0,0,1," $23,679.47 ",0,1, $560.29 
3,2,864.51,0,1,1," $25,012.42 ",0,1, $480.83 
3,4,724.01,0,0,0," $34,647.94 ",1,1, $517.16 
3,0,747.69,0,1,1," $26,251.25 ",2,1, $758.31 
4,5,757.58,0,1,0," $18,735.41 ",3,1, $715.26 
2,6,669.82,1,1,1," $13,241.11 ",1,1, $827.06 
2,4,511.18,0,0,1," $24,732.64 ",0,1, $412.97 
1,5,390.65,1,1,1," $21,047.34 ",3,1, $984.04 
3,6,665.16,1,1,0," $19,141.79 ",1,1, $738.42 
2,7,944.15,0,1,0," $49,063.95 ",1,1, $610.78 
1,3,443.63,0,1,1," $20,706.53 ",1,1, $715.64 
1,2,684.1,1,1,0," $28,602.42 ",1,0, $504.73 
2,8,682.47,0,1,0," $28,083.17 ",1,1, $536.42 
3,2,729.58,0,1,1," $24,148.75 ",3,1, $935.01 
2,4,1033.89,0,1,1," $33,497.88 ",1,1, $733.95 
1,5,525.89,0,1,0," $31,088.66 ",1,0, $347.73 
-1,8,696.99,0,1,1," $13,396.89 ",0,0, $322.38 
3,3,761.02,0,0,1," $35,086.09 ",1,1, $520.66 
2,7,746.7,0,1,0," $16,581.48 ",0,0, $300.43 
1,6,694.81,0,1,1," $31,686.00 ",2,0, $566.65 
2,6,761.41,1,0,1," $34,722.10 ",1,0, $417.96 
3,0,724.04,1,1,0," $30,385.25 ",1,1, $804.89 
4,5,545.39,1,1,0," $20,700.19 ",0,0, $353.27 
4,6,835.63,0,1,0," $11,469.20 ",2,1, $718.22 
1,2,1004.55,0,1,1," $18,973.76 ",1,0, $361.31 
3,3,776.97,0,0,1," $27,194.27 ",2,1, $593.67 
4,9,770,0,1,1," $26,072.34 ",0,1, $621.92 
1,4,834.24,0,1,1," $31,470.86 ",1,1, $775.93 
0,5,543.82,0,1,0," $21,678.79 ",2,0, $475.87 
2,4,863.94,0,1,1," $28,760.84 ",3,1, $922.55 
1,9,1040.6,0,1,1," $27,620.24 ",0,0, $446.46 
2,4,989.18,0,0,1," $12,491.63 ",0,1, $605.21 
3,5,615.59,1,0,1," $27,163.95 ",1,0, $504.49 
1,4,706.03,1,1,0," $24,016.90 ",2,0, $630.20 
3,8,867.52,1,1,1," $20,593.20 ",0,0, $583.72 
4,4,724.42,1,1,1," $29,061.40 ",1,1, $869.83 
3,6,771.15,0,1,0," $13,999.58 ",2,0, $362.15 
1,2,883.09,1,1,1," $21,622.90 ",1,1, $842.96 
2,6,874.2,0,0,0," $36,903.03 ",1,0, $396.90 
2,7,889.54,1,1,0," $41,049.77 ",0,0, $416.78 
1,3,644.34,0,1,0," $29,411.13 ",1,0, $349.33 
3,6,723.02,0,0,1," $25,843.01 ",0,0, $244.02 
3,-1,673.71,0,1,1," $30,987.64 ",0,1, $510.69 
3,7,832.49,0,1,0," $10,054.41 ",1,0, $366.99 
1,6,896.52,1,1,1," $10,853.42 ",0,1, $768.93 
3,1,773.71,0,0,1," $16,025.37 ",0,1, $405.29 
2,2,872.1,0,1,1," $14,693.76 ",2,1, $695.50 
4,4,751.46,0,1,0," $29,637.91 ",2,1, $720.90 
3,3,1118.29,0,1,0," $5,037.37 ",1,1, $606.01 
3,3,1007.11,1,1,0," $16,240.07 ",1,1, $779.35 
2,4,680.77,0,1,0," $33,587.08 ",1,1, $519.90 
1,7,804.29,0,1,0," $33,096.67 ",1,1, $720.59 
2,9,996.07,1,1,0," $23,587.13 ",3,0, $744.99 
2,2,767.13,1,1,1," $25,828.96 ",1,0, $552.07 
3,5,1189.12,0,1,0," $23,070.28 ",0,1, $473.82 
3,8,998.26,0,1,0," $13,845.18 ",1,1, $717.61 
2,4,890.88,1,1,0," $42,381.17 ",1,0, $490.85 
2,3,541.84,0,1,0," $1,220.02 ",2,1, $748.34 
2,4,871.99,0,0,1," $34,261.62 ",1,0, $397.36 
1,6,537.8,1,0,1," $14,009.70 ",4,1," $1,083.73 "
1,5,813.13,0,1,0," $21,015.26 ",2,1, $640.92 
2,7,842.86,0,1,1," $19,564.25 ",1,1, $602.10 
2,3,971.81,1,1,1," $34,339.53 ",3,0, $821.88 
0,3,872.07,0,1,0," $27,389.26 ",2,1, $641.32 
1,6,769.82,0,1,0," $32,041.19 ",0,1, $557.40 
3,8,640.76,1,1,0," $18,882.26 ",0,1, $748.33 
1,6,1129.49,0,1,0," $25,438.60 ",3,1, $862.08 
1,6,523.18,0,1,1," $13,750.91 ",0,1, $474.00 
2,5,842.97,0,1,0," $16,908.09 ",3,1, $806.49 
1,4,605.37,0,0,0," $20,308.74 ",1,0, $343.13 
1,6,889.07,0,1,0," $17,023.78 ",0,0, $307.23 
2,7,1002.39,1,1,1," $24,347.73 ",2,1, $930.41 
3,10,875.56,0,0,1," $24,743.19 ",1,1, $682.67 
2,5,633.56,1,1,1," $28,722.73 ",0,0, $553.76 
1,7,691.1,1,1,0," $25,467.60 ",1,1, $855.52 
2,5,806.86,0,1,0," $25,091.68 ",3,1, $800.42 
1,5,853.32,1,1,1," $42,468.81 ",2,1, $969.24 
2,2,700.66,0,1,0," $20,510.12 ",0,1, $553.71 
2,4,984.69,0,0,0," $37,668.45 ",0,1, $392.86 
3,6,679.75,1,0,0," $14,771.53 ",3,1, $887.12 
1,6,865.22,1,1,1," $15,528.65 ",0,0, $584.49 
1,4,840.52,0,0,0," $41,247.78 ",2,1, $642.78 
1,4,613.78,0,1,0," $27,295.77 ",2,1, $637.68 
3,3,905.05,1,0,1," $45,935.96 ",1,1, $786.99 
2,7,1047,0,1,1," $3,359.25 ",0,1, $563.12 
1,2,1091.52,0,0,0," $38,467.38 ",2,1, $599.92 
1,6,558.97,0,1,1," $26,922.51 ",2,1, $867.21 
1,6,1119.47,0,1,1," $16,472.94 ",1,1, $719.15 
0,2,573.02,0,1,0," $26,570.86 ",1,1, $541.11 
0,4,1109.07,0,1,0," $27,082.45 ",2,1, $779.89 
1,6,849.33,0,0,1," $21,189.48 ",3,0, $487.25 
2,6,799.96,1,1,1," $32,253.73 ",1,1, $805.97 
3,5,777.46,1,1,0," $20,678.70 ",1,0, $452.22 
2,2,984.38,0,1,0," $30,375.05 ",2,0, $505.79 
2,4,888.96,0,1,0," $22,313.49 ",0,1, $635.03 
1,6,847.09,0,1,1," $30,523.26 ",2,0, $526.20 
3,7,579.13,0,1,1," $18,816.96 ",2,0, $587.99 
2,4,768.52,1,0,0," $12,245.13 ",0,1, $594.56 
1,5,862.96,0,1,1," $30,335.85 ",0,0, $235.09 
2,5,648.93,0,1,0," $25,351.52 ",1,1, $732.53 
3,5,894.94,0,1,1," $44,634.72 ",0,1, $636.13 
2,5,961.45,1,1,0," $13,474.32 ",0,0, $427.66 
3,6,877.3,1,1,0," $21,952.31 ",2,1, $810.63 
2,1,834.1,0,1,0," $20,873.18 ",0,1, $428.83 
1,5,680.21,0,1,0," $30,484.49 ",0,1, $495.18 
3,6,785.44,1,1,0," $33,992.03 ",0,0, $510.19 
3,6,844.47,0,1,0," $18,796.71 ",0,1, $450.44 
0,5,715.93,0,1,1," $20,897.96 ",1,1, $647.94 
3,1,741.72,0,0,0," $30,486.35 ",3,0, $540.51 
1,6,1056.3,0,1,0," $33,057.16 ",2,1, $651.00 
2,2,775.24,1,0,0," $34,972.12 ",1,1, $635.30 
3,6,681.24,0,1,1," $16,854.39 ",1,0, $387.59 
3,7,944.98,1,1,1," $23,591.03 ",1,1, $805.45 
2,4,1128,0,1,1," $37,439.39 ",1,1, $644.14 
2,6,809.14,0,1,0," $11,989.09 ",1,1, $574.63 
2,7,847.06,1,1,0," $31,317.85 ",1,0, $645.18 
2,2,924.05,1,0,0, $37.78 ,0,1, $669.47 
0,4,638.7,0,0,1," $22,741.98 ",1,1, $606.56 
3,3,677.62,1,1,0," $16,189.31 ",2,0, $702.78 
1,6,789.43,0,1,1," $45,243.60 ",0,1, $693.82 
1,6,1113.17,0,1,0," $22,116.90 ",2,0, $404.08 
2,2,745.55,0,0,1," $14,794.44 ",0,1, $408.84 
3,4,485.29,1,0,0," $25,695.76 ",1,0, $446.91 
2,6,968.84,0,1,1," $9,788.09 ",1,1, $768.37 
1,6,866.08,1,1,0," $12,959.37 ",1,1, $781.52 
3,10,496.23,0,1,0," $15,633.05 ",1,0, $455.05 
1,8,666.17,0,1,1," $50,110.52 ",2,1, $742.38 
2,5,503.2,1,1,0," $21,514.42 ",2,1, $902.63 
1,2,845.99,0,1,0," $18,394.70 ",0,1, $571.04 
2,6,756.78,1,0,0," $25,382.09 ",0,0, $323.96 
2,4,693.64,1,1,0," $22,786.52 ",1,1, $821.46 
3,6,1005.53,1,1,0," $28,894.24 ",3,1, $917.21 
3,4,882.3,1,1,1," $22,055.03 ",0,1, $825.70 
2,3,876.92,0,1,0," $35,764.37 ",1,1, $581.49 
1,6,701.75,0,1,0," $17,440.23 ",0,0, $289.24 
3,4,784.66,1,1,0," $22,990.62 ",1,0, $413.45 
2,3,808.05,0,1,1," $11,855.19 ",0,1, $503.43 
2,3,653.71,1,1,0," $32,657.08 ",0,0, $486.10 
3,1,593.11,1,0,0," $36,125.38 ",0,0, $412.18 
2,6,503.58,0,1,0," $25,547.56 ",3,0, $509.17 
3,10,885.17,1,1,0," $40,972.21 ",1,0, $505.92 
2,4,724.91,0,0,1," $15,450.67 ",0,1, $532.13 
3,6,510.57,0,1,1," $25,751.31 ",2,0, $545.43 
1,4,739.46,1,1,0," $37,974.81 ",3,0, $785.65 
2,5,659.68,0,0,1," $27,161.28 ",1,1, $587.59 
0,4,591.84,0,1,0," $26,173.34 ",1,0, $305.37 
4,7,877.12,0,1,0," $38,695.89 ",1,0, $342.70 
3,4,854.5,0,1,1," $(1,177.42)",2,1, $694.54 
2,6,824.3,0,1,0," $33,636.63 ",1,1, $692.43 
2,6,862.32,1,0,0," $36,173.24 ",1,1, $765.02 
0,7,775.05,1,0,1," $19,339.03 ",1,0, $594.21 
3,5,717.65,1,1,0," $35,729.31 ",0,0, $416.30 
1,-1,803.67,0,1,1," $25,087.46 ",0,1, $484.60 
4,3,812.58,0,1,1," $28,523.47 ",0,1, $523.19 
2,1,1010.53,1,0,0," $22,346.64 ",2,0, $567.03 
2,6,657.46,0,0,0," $40,556.07 ",3,1, $725.73 
4,4,813.22,0,1,1," $17,441.35 ",0,1, $535.80 
2,4,749.95,0,1,0," $48,985.24 ",2,0, $474.34 
1,7,867.51,0,1,0," $34,397.74 ",1,1, $654.69 
3,4,603.76,0,0,1," $27,143.19 ",0,1, $437.65 
2,4,780.69,1,1,0," $13,472.99 ",2,1, $921.68 
1,7,889.51,0,1,1," $42,581.85 ",2,1, $771.33 
4,6,956.65,1,0,1," $22,290.71 ",1,1, $713.92 
3,3,767.03,0,1,1," $13,983.43 ",0,1, $670.89 
3,6,844.71,1,1,1," $31,825.02 ",1,1, $818.09 
1,5,1047.23,0,1,0," $22,144.56 ",0,1, $508.18 
2,6,665.98,0,0,0," $20,282.97 ",0,1, $452.37 
2,8,761.85,0,1,1," $7,716.81 ",3,1, $800.36 
2,4,923.94,0,1,0," $35,159.91 ",2,0, $488.40 
3,6,832.32,1,1,1," $18,419.07 ",0,0, $475.03 
3,8,946.75,0,1,0," $15,911.63 ",1,1, $729.53 
4,6,838.62,0,1,0," $31,661.56 ",0,0, $267.78 
3,4,895.81,0,1,0," $21,977.73 ",2,1, $796.96 
4,4,996.57,0,0,0," $26,294.83 ",0,1, $376.62 
4,5,657.8,1,0,1," $27,780.65 ",1,0, $489.34 
2,9,990.99,1,1,0," $22,734.82 ",2,0, $690.39 
2,4,599.81,0,0,0," $13,762.18 ",1,0, $264.29 
0,8,811.26,0,1,0," $20,312.57 ",1,1, $741.81 
1,3,991.18,1,1,0," $6,049.17 ",0,0, $458.24 
2,10,858.17,1,0,0," $13,232.88 ",1,0, $438.86 
1,9,873.78,0,0,0," $12,998.57 ",0,0, $262.13 
3,5,801.2,0,0,1," $37,571.74 ",0,0, $345.55 
2,5,802.11,0,1,0," $10,244.49 ",2,1, $712.45 
1,4,663.42,1,0,1," $51,774.67 ",2,1, $894.50 
2,6,748.92,0,0,1," $16,826.39 ",1,1, $624.79 
2,4,759.56,0,1,1," $17,279.51 ",1,1, $668.43 
2,5,975.06,0,1,1," $14,725.77 ",0,0, $411.22 
0,10,659.02,0,0,0," $9,712.83 ",0,1, $408.76 
3,5,802.68,0,0,0," $27,474.05 ",1,1, $490.64 
2,5,641.03,0,1,0," $24,266.75 ",0,1, $503.57 
3,5,901.75,1,0,0," $33,231.86 ",1,0, $509.72 
4,5,599.01,0,0,0," $28,939.04 ",2,0, $432.14 
1,3,878.66,0,1,0," $36,984.67 ",0,0, $273.15 
0,7,937.42,1,0,1," $17,018.37 ",0,1, $706.59 
3,7,669.21,0,0,0," $7,597.14 ",2,1, $720.94 
2,1,901.34,0,1,0," $39,718.99 ",1,0, $303.24 
2,6,828.78,0,1,0," $16,265.12 ",1,1, $613.43 
1,2,972.73,1,0,1," $28,861.85 ",0,1, $680.81 
2,3,693.11,0,1,0," $25,254.15 ",2,0, $481.96 
2,6,881.52,0,1,1," $20,805.04 ",1,1, $621.96 
1,4,747.96,0,0,0," $32,192.83 ",1,0, $209.16 
1,5,781.8,1,1,0," $5,681.86 ",0,0, $329.75 
1,4,897.21,0,0,0," $32,319.97 ",2,1, $550.93 
1,4,926.78,0,1,1," $33,504.17 ",0,1, $616.59 
3,3,901.47,1,1,1," $19,740.48 ",1,1, $720.71 
2,5,838.58,0,1,1," $25,174.60 ",0,1, $643.28 
2,7,801.08,0,1,0," $25,772.23 ",3,1, $739.28 
4,3,770.08,0,1,0," $22,386.58 ",2,1, $714.08 
1,7,744.79,1,0,1," $21,717.13 ",2,1, $740.65 
5,6,862.18,1,1,1," $42,080.48 ",0,1, $873.32 
2,1,594.97,0,0,0," $19,945.75 ",1,1, $432.06 
2,6,581.92,1,1,1," $31,671.12 ",0,1, $701.59 
3,5,828.86,0,1,1," $32,097.76 ",0,0, $429.86 
1,4,664.27,0,1,0," $37,591.87 ",2,1, $760.38 
3,5,980.25,0,1,1," $9,111.69 ",2,0, $442.25 
3,3,733.35,1,1,0," $23,763.85 ",0,1, $714.22 
1,4,793.23,0,0,0," $32,791.10 ",0,0, $152.81 
2,-1,594.82,0,1,0," $34,875.33 ",1,1, $558.70 
3,6,882.81,0,1,0," $13,983.82 ",1,1, $559.13 
1,5,993.6,0,1,0," $18,839.05 ",0,1, $491.27 
4,0,856.25,1,0,0," $24,394.06 ",2,1, $708.02 
3,8,947.1,1,1,0," $33,000.41 ",1,0, $525.49 
1,5,755.23,0,1,0," $27,605.69 ",1,0, $442.61 
1,4,952.53,0,1,1," $21,533.11 ",1,1, $600.63 
0,3,906.35,0,1,0," $13,662.80 ",2,0, $451.42 
2,2,516.37,0,1,0," $20,040.11 ",2,0, $530.87 
4,3,906.07,1,1,0," $31,143.81 ",0,0, $350.69 
1,2,828.02,0,1,1," $32,351.24 ",0,1, $567.76 
2,2,1000.18,0,1,1," $19,160.32 ",2,1, $831.53 
3,1,940.05,0,1,1," $24,975.39 ",2,0, $588.25 
3,3,802.81,0,0,0," $25,520.17 ",2,1, $541.04 
3,0,1175.71,1,1,1," $40,163.85 ",0,1, $850.62 
3,3,918.63,0,1,1," $16,998.43 ",3,0, $516.14 
1,5,587.69,0,1,0," $20,956.92 ",1,0, $361.03 
2,4,949.02,1,1,1," $15,645.13 ",2,1, $908.41 
3,5,912.62,1,1,0," $19,487.56 ",2,1, $948.12 
1,5,567.83,1,1,0," $34,357.78 ",1,0, $416.09 
3,5,852.77,1,0,0," $42,164.38 ",1,0, $428.53 
3,5,808.27,0,1,1," $42,973.79 ",3,1, $872.35 
2,5,630.08,1,1,0," $22,784.23 ",0,1, $609.23 
2,5,1113.18,0,1,1," $27,659.79 ",3,0, $601.32 
3,5,785.79,1,1,1," $33,916.80 ",0,1, $691.50 
1,2,854.04,1,1,1," $8,560.56 ",0,0, $387.20 
1,5,667.43,0,1,0," $16,639.28 ",1,1, $651.85 
0,7,478.33,0,1,1," $19,062.14 ",0,1, $502.36 
2,5,701.43,1,1,1," $12,857.82 ",0,0, $366.98 
2,5,1000.44,0,1,0," $28,649.43 ",1,0, $285.71 
3,4,887.57,0,1,0," $23,856.60 ",0,1, $601.78 
2,6,637.27,0,0,0," $28,094.45 ",0,1, $485.94 
3,4,733.62,0,1,1," $30,381.49 ",2,1, $749.14 
3,5,761.19,0,0,1," $33,356.46 ",2,0, $537.59 
2,7,840.13,0,1,1," $35,397.42 ",2,1, $761.26 
2,5,739,1,0,1," $23,731.51 ",0,0, $368.26 
2,6,488.35,0,0,1," $12,436.41 ",1,1, $580.26 
0,3,1024.82,0,1,1," $28,876.67 ",1,1, $613.77 
2,6,965.2,0,1,0," $33,363.39 ",1,1, $745.81 
0,5,968.65,1,1,1," $47,904.37 ",3,1," $1,094.76 "
3,6,838.25,0,1,1," $22,592.39 ",0,1, $651.25 
1,3,610.17,0,1,0," $28,660.04 ",1,1, $529.75 
3,7,532.29,0,1,1," $20,281.78 ",0,0, $339.47 
1,6,984.05,1,0,1," $9,627.81 ",1,0, $565.49 
3,4,873.78,0,1,1," $5,565.50 ",0,0, $299.99 
2,4,777.78,0,1,0," $25,425.08 ",2,1, $679.67 
2,6,705.26,1,1,0," $22,377.23 ",2,1, $804.46 
3,3,647.53,0,1,1," $33,074.14 ",3,0, $527.28 
2,3,952.8,0,1,1," $39,609.70 ",2,1, $856.23 
1,6,622.23,1,1,0," $27,623.69 ",0,1, $680.86 
1,7,970.66,0,1,1," $26,338.22 ",3,1, $802.16 
0,6,918.08,0,1,0," $19,449.26 ",0,0, $225.83 
1,1,808.88,1,0,0," $19,741.17 ",2,1, $813.74 
2,4,755.45,0,0,1," $31,312.08 ",2,0, $531.66 
2,8,626.27,0,1,0," $4,577.68 ",3,0, $533.26 
2,5,563,0,0,0," $34,857.70 ",1,1, $501.56 
0,6,817.24,1,1,0," $23,889.94 ",2,1, $913.13 
1,6,896.96,0,1,1," $11,184.97 ",1,1, $708.06 
3,7,874.27,0,1,0," $31,211.12 ",0,1, $642.50 
2,6,1034.24,1,1,1," $7,775.47 ",1,1, $823.76 
1,5,898.03,1,1,0," $11,325.19 ",3,1," $1,030.53 "
1,6,880.51,1,1,1," $32,511.01 ",2,1, $987.85 
1,4,905.65,0,1,0," $56,355.95 ",2,0, $577.00 
3,5,646.24,1,1,1," $19,332.00 ",3,0, $849.43 
3,7,673.25,0,0,0," $20,910.94 ",2,1, $619.87 
1,6,702.43,1,0,0," $24,957.63 ",2,1, $874.66 
2,5,778.53,0,1,0," $28,011.26 ",0,1, $471.69 
3,2,603.58,0,1,0," $28,243.32 ",0,0, $224.59 
3,1,1077.31,0,1,1," $8,382.92 ",1,1, $649.71 
0,5,868.31,1,0,0," $31,608.86 ",0,0, $271.69 
2,9,746.65,0,1,1," $23,299.50 ",2,1, $820.84 
0,6,925.72,0,1,0," $30,721.85 ",0,0, $348.14 
2,9,674.48,1,1,1," $27,319.21 ",2,1, $905.87 
2,6,905.64,1,1,0," $28,407.03 ",0,1, $641.24 
0,5,999.06,0,1,0," $30,210.45 ",1,1, $732.91 
3,4,854.33,0,1,0," $18,918.92 ",3,1, $787.45 
2,5,813.5,0,1,0," $33,164.30 ",1,1, $596.54 
3,4,505.88,0,0,1," $24,826.06 ",3,0, $620.80 
2,4,761.86,0,1,1," $7,353.41 ",0,0, $364.95 
2,2,767.74,1,1,0," $17,477.31 ",3,0, $716.03 
2,1,752.08,1,1,0," $30,477.09 ",1,0, $546.51 
2,7,1025.06,1,0,1," $17,823.67 ",1,0, $609.10 
3,6,753.75,1,1,1," $11,728.32 ",4,1," $1,102.99 "
1,5,861.68,1,1,0," $35,897.48 ",1,0, $544.22 
1,3,811.09,0,1,1," $36,398.05 ",1,0, $522.84 
2,6,901.94,1,1,1," $33,624.60 ",2,0, $688.16 
2,9,983.6,1,1,0," $26,546.30 ",2,0, $598.14 
0,7,926.45,1,0,1," $27,785.45 ",2,1, $774.05 
2,3,513.97,1,0,0," $24,447.93 ",2,0, $482.30 
2,6,742.55,1,1,1," $25,114.88 ",1,0, $599.93 
3,6,767.65,0,1,0," $35,282.36 ",2,0, $524.30 
3,5,711.94,0,1,0," $18,470.96 ",1,1, $716.90 
3,6,847.1,1,1,0," $32,952.39 ",0,1, $693.16 
3,5,698.63,0,1,1," $26,337.36 ",1,1, $731.21 
4,4,729.31,0,1,1," $10,395.27 ",0,0, $306.00 
1,5,1023.66,0,1,0," $12,826.64 ",1,1, $721.55 
1,3,802.89,1,1,0," $21,307.33 ",1,1, $765.88 
1,8,841.62,1,1,0," $23,764.01 ",2,0, $603.78 
2,5,879.25,0,0,1," $12,596.85 ",0,0, $272.79 
2,5,367.73,0,0,0," $14,814.95 ",0,0, $87.85 
2,3,457.71,0,1,0," $10,398.38 ",2,0, $456.80 
3,4,1025.59,0,1,1," $41,559.87 ",0,0, $272.57 
2,2,639.22,0,1,0," $29,826.67 ",1,1, $560.09 
3,5,912.02,1,1,0," $33,736.56 ",0,0, $353.02 
3,6,1112.99,0,1,1," $15,430.48 ",0,0, $446.56 
0,10,1019.64,0,1,0," $6,031.98 ",2,1, $819.69 
2,0,708.78,0,1,1," $24,223.22 ",2,1, $693.08 
2,4,841.29,1,1,0," $6,165.27 ",2,0, $546.74 
2,4,758.89,1,1,0," $12,919.84 ",1,0, $576.22 
1,5,668.13,1,1,0," $15,481.44 ",1,1, $658.38 
4,5,470.52,0,1,0," $22,726.77 ",2,1, $671.13 
2,4,953.72,0,1,0," $27,690.35 ",1,1, $555.68 
3,0,772.57,1,1,1," $12,317.68 ",0,1, $816.32 
2,6,780.34,0,1,1," $41,016.55 ",1,0, $411.91 
3,8,1024.32,0,1,0," $29,350.88 ",2,1, $760.07 
1,4,1025.35,1,1,1," $12,059.17 ",1,0, $675.44 
0,5,795.34,1,1,0," $22,724.75 ",2,0, $678.25 
2,5,945.22,1,1,1," $13,217.15 ",2,1, $815.17 
1,4,912.46,1,1,0," $26,579.64 ",2,1, $976.17 
2,7,697.37,0,1,1," $18,812.34 ",1,1, $634.85 
2,8,983.43,0,0,1," $22,657.68 ",4,0, $529.12 
2,2,819.78,1,1,0," $21,991.53 ",0,1, $636.88 
2,5,678.51,0,1,1," $14,150.45 ",1,0, $395.40 
2,3,527.7,0,1,0," $43,204.74 ",1,1, $575.00 
2,9,863.06,1,1,1," $22,622.14 ",1,1, $812.98 
3,5,692.49,1,1,1," $39,477.18 ",1,0, $690.10 
2,5,670.01,1,1,1," $36,959.48 ",1,0, $539.03 
3,7,710,1,1,1," $19,662.06 ",0,0, $547.86 
2,5,954.01,0,0,1," $27,990.39 ",0,0, $270.26 
2,6,631.54,0,1,1," $32,046.17 ",2,1, $821.57 
2,6,783.75,1,1,1," $8,970.35 ",0,1, $768.05 
0,7,602.31,0,0,1," $9,072.79 ",1,0, $418.44 
3,0,1060.11,0,1,1," $33,817.84 ",1,1, $656.17 
2,2,762.18,1,1,0," $35,141.26 ",2,1, $786.32 
3,8,824.74,1,1,1," $23,400.22 ",1,0, $682.43 
3,4,615.35,0,1,0," $33,954.60 ",2,1, $725.97 
2,6,996.64,0,0,0," $21,220.11 ",0,1, $495.15 
2,3,903.62,1,1,1," $38,243.86 ",0,1, $793.34 
2,5,686.9,1,1,0," $29,489.46 ",2,1, $937.62 
2,4,976.34,0,0,0," $3,507.86 ",1,1, $477.76 
2,7,729.12,0,1,0," $29,066.20 ",0,1, $655.22 
3,3,829.61,0,1,0," $29,728.82 ",1,1, $568.09 
1,8,909.63,1,1,1," $10,084.09 ",1,1, $853.44 
2,8,748.83,0,0,0," $12,819.36 ",2,0, $329.46 
2,2,1025.77,0,1,1," $24,293.56 ",2,0, $476.68 
4,7,1049.08,1,1,0," $33,978.15 ",0,1, $796.13 
2,7,818.59,1,0,0," $32,710.94 ",0,1, $542.13 
1,7,998.02,1,1,0," $11,903.62 ",2,1, $814.36 
0,5,787.6,0,1,0," $26,472.36 ",2,1, $659.07 
3,4,671.4,0,1,1," $30,461.42 ",0,0, $313.46 
2,4,925.83,0,1,0," $36,063.58 ",2,0, $474.70 
2,4,721.09,0,1,0," $37,586.70 ",1,0, $478.10 
3,5,621.65,0,1,0," $36,867.11 ",1,1, $688.15 
3,5,904.32,0,1,1," $22,728.00 ",1,0, $538.10 
2,3,734.66,0,1,0," $15,053.63 ",1,1, $517.98 
1,5,652.64,1,1,1," $35,364.15 ",1,1, $784.23 
3,4,944.11,1,1,0," $33,446.94 ",1,1, $898.58 
1,6,678.34,0,0,1," $39,175.03 ",0,1, $615.48 
2,7,666.42,0,1,1," $13,412.74 ",0,0, $332.56 
1,4,602.24,1,1,0," $43,077.89 ",1,1, $721.62 
3,4,872.51,0,1,1," $13,887.45 ",0,1, $495.84 
2,6,816.3,0,1,1," $39,795.94 ",1,0, $528.45 
3,0,991.31,0,1,0," $12,687.26 ",1,1, $655.87 
2,5,847.97,0,1,0," $39,502.92 ",0,0, $354.47 
2,4,660.94,1,0,0," $10,145.17 ",0,1, $568.66 
1,1,814.75,0,1,1," $15,535.05 ",0,1, $653.42 
1,6,835.43,0,0,0," $22,204.00 ",0,1, $537.80 
